fixed acidity,volatile acidity,citric acid,residual sugar,chlorides,free sulfur dioxide,total sulfur dioxide,density,pH,sulphates,alcohol,quality,non0free sulfur dioxide,non-free sulfur dioxide,zeros
8.4,0.62,0.09,2.2,0.084,11.0,108.0,996400.0,3.15,0.66,9.8,5,97.0,97.0,0
8.6,0.55,0.09,3.3,0.068,8.0,17.0,997349.9999999999,3.23,0.44,10.0,5,9.0,9.0,0
7.5,0.63,0.27,2.0,0.083,17.0,91.0,996160.0000000001,3.26,0.58,9.8,6,74.0,74.0,0
7.9,0.34,0.36,1.9,0.065,5.0,10.0,994190.0,3.27,0.54,11.2,7,5.0,5.0,0
10.7,0.4,0.48,2.1,0.125,15.0,49.0,998000.0,3.03,0.81,9.7,6,34.0,34.0,0
